millis,stamp,datetime,motion
998,1532353367, 2018/7/23 13:42:47, Active
1998,1532353368, 2018/7/23 13:42:48, Active
2999,1532353369, 2018/7/23 13:42:49, Active
3999,1532353370, 2018/7/23 13:42:50, Active
4999,1532353371, 2018/7/23 13:42:51, Active
5999,1532353372, 2018/7/23 13:42:52, Inactive
6999,1532353373, 2018/7/23 13:42:53, Inactive
7999,1532353374, 2018/7/23 13:42:54, Inactive
8999,1532353375, 2018/7/23 13:42:55, Inactive
9999,1532353376, 2018/7/23 13:42:56, Inactive
10999,1532353377, 2018/7/23 13:42:57, Inactive
11999,1532353378, 2018/7/23 13:42:58, Inactive
12999,1532353379, 2018/7/23 13:42:59, Inactive
13999,1532353380, 2018/7/23 13:43:0, Inactive
14999,1532353381, 2018/7/23 13:43:1, Inactive
16000,1532353382, 2018/7/23 13:43:2, Active
16999,1532353383, 2018/7/23 13:43:3, Active
17999,1532353384, 2018/7/23 13:43:4, Active
18999,1532353385, 2018/7/23 13:43:5, Active
19999,1532353386, 2018/7/23 13:43:6, Active
20999,1532353387, 2018/7/23 13:43:7, Active
21999,1532353388, 2018/7/23 13:43:8, Active
22999,1532353389, 2018/7/23 13:43:9, Active
23999,1532353390, 2018/7/23 13:43:10, Active
24999,1532353391, 2018/7/23 13:43:11, Active
25999,1532353392, 2018/7/23 13:43:12, Active
26999,1532353393, 2018/7/23 13:43:13, Active
27999,1532353394, 2018/7/23 13:43:14, Inactive
28999,1532353395, 2018/7/23 13:43:15, Inactive
29999,1532353396, 2018/7/23 13:43:16, Inactive
30999,1532353397, 2018/7/23 13:43:17, Inactive
32000,1532353398, 2018/7/23 13:43:18, Inactive
32999,1532353399, 2018/7/23 13:43:19, Inactive
33999,1532353400, 2018/7/23 13:43:20, Inactive
34998,1532353401, 2018/7/23 13:43:21, Inactive
35999,1532353402, 2018/7/23 13:43:22, Inactive
36999,1532353403, 2018/7/23 13:43:23, Active
37999,1532353404, 2018/7/23 13:43:24, Active
38999,1532353405, 2018/7/23 13:43:25, Active
39999,1532353406, 2018/7/23 13:43:26, Active
40999,1532353407, 2018/7/23 13:43:27, Active
41999,1532353408, 2018/7/23 13:43:28, Active
42999,1532353409, 2018/7/23 13:43:29, Active
43999,1532353410, 2018/7/23 13:43:30, Active
44999,1532353411, 2018/7/23 13:43:31, Inactive
45999,1532353412, 2018/7/23 13:43:32, Inactive
46999,1532353413, 2018/7/23 13:43:33, Inactive
48000,1532353414, 2018/7/23 13:43:34, Active
48999,1532353415, 2018/7/23 13:43:35, Active
49999,1532353416, 2018/7/23 13:43:36, Active
50999,1532353417, 2018/7/23 13:43:37, Active
52000,1532353418, 2018/7/23 13:43:38, Active
52999,1532353419, 2018/7/23 13:43:39, Active
53999,1532353420, 2018/7/23 13:43:40, Active
54999,1532353421, 2018/7/23 13:43:41, Active
55999,1532353422, 2018/7/23 13:43:42, Active
56999,1532353423, 2018/7/23 13:43:43, Active
57999,1532353424, 2018/7/23 13:43:44, Active
58999,1532353425, 2018/7/23 13:43:45, Active
59999,1532353426, 2018/7/23 13:43:46, Active
60999,1532353427, 2018/7/23 13:43:47, Active
61999,1532353428, 2018/7/23 13:43:48, Active
62999,1532353429, 2018/7/23 13:43:49, Active
64000,1532353430, 2018/7/23 13:43:50, Active
64999,1532353431, 2018/7/23 13:43:51, Active
65999,1532353432, 2018/7/23 13:43:52, Active
66998,1532353433, 2018/7/23 13:43:53, Active
67999,1532353434, 2018/7/23 13:43:54, Active
68999,1532353435, 2018/7/23 13:43:55, Active
69999,1532353436, 2018/7/23 13:43:56, Active
70999,1532353437, 2018/7/23 13:43:57, Active
71999,1532353438, 2018/7/23 13:43:58, Active
72999,1532353439, 2018/7/23 13:43:59, Active
73999,1532353440, 2018/7/23 13:44:0, Active
74999,1532353441, 2018/7/23 13:44:1, Active
75999,1532353442, 2018/7/23 13:44:2, Active
76999,1532353443, 2018/7/23 13:44:3, Active
78000,1532353444, 2018/7/23 13:44:4, Active
78999,1532353445, 2018/7/23 13:44:5, Active
80000,1532353446, 2018/7/23 13:44:6, Inactive
80999,1532353447, 2018/7/23 13:44:7, Inactive
81999,1532353448, 2018/7/23 13:44:8, Inactive
82999,1532353449, 2018/7/23 13:44:9, Inactive
83999,1532353450, 2018/7/23 13:44:10, Inactive
84999,1532353451, 2018/7/23 13:44:11, Inactive
85999,1532353452, 2018/7/23 13:44:12, Inactive
86999,1532353453, 2018/7/23 13:44:13, Inactive
87999,1532353454, 2018/7/23 13:44:14, Inactive
88999,1532353455, 2018/7/23 13:44:15, Active
89999,1532353456, 2018/7/23 13:44:16, Active
90998,1532353457, 2018/7/23 13:44:17, Active
91999,1532353458, 2018/7/23 13:44:18, Active
92999,1532353459, 2018/7/23 13:44:19, Active
93999,1532353460, 2018/7/23 13:44:20, Active
94999,1532353461, 2018/7/23 13:44:21, Active
96000,1532353462, 2018/7/23 13:44:22, Active
96999,1532353463, 2018/7/23 13:44:23, Active
97999,1532353464, 2018/7/23 13:44:24, Active
98999,1532353465, 2018/7/23 13:44:25, Active
99999,1532353466, 2018/7/23 13:44:26, Active
100999,1532353467, 2018/7/23 13:44:27, Active
101999,1532353468, 2018/7/23 13:44:28, Active
102999,1532353469, 2018/7/23 13:44:29, Active
103999,1532353470, 2018/7/23 13:44:30, Active
104999,1532353471, 2018/7/23 13:44:31, Active
105999,1532353472, 2018/7/23 13:44:32, Active
106999,1532353473, 2018/7/23 13:44:33, Active
107999,1532353474, 2018/7/23 13:44:34, Active
108999,1532353475, 2018/7/23 13:44:35, Active
110000,1532353476, 2018/7/23 13:44:36, Active
110998,1532353477, 2018/7/23 13:44:37, Active
112000,1532353478, 2018/7/23 13:44:38, Active
112999,1532353479, 2018/7/23 13:44:39, Active
113999,1532353480, 2018/7/23 13:44:40, Active
114999,1532353481, 2018/7/23 13:44:41, Active
115999,1532353482, 2018/7/23 13:44:42, Active
116999,1532353483, 2018/7/23 13:44:43, Active
117999,1532353484, 2018/7/23 13:44:44, Active
118999,1532353485, 2018/7/23 13:44:45, Active
119999,1532353486, 2018/7/23 13:44:46, Active
120999,1532353487, 2018/7/23 13:44:47, Active
121999,1532353488, 2018/7/23 13:44:48, Active
122999,1532353489, 2018/7/23 13:44:49, Active
123999,1532353490, 2018/7/23 13:44:50, Active
124999,1532353491, 2018/7/23 13:44:51, Active
126000,1532353492, 2018/7/23 13:44:52, Active
126999,1532353493, 2018/7/23 13:44:53, Active
128000,1532353494, 2018/7/23 13:44:54, Active
128999,1532353495, 2018/7/23 13:44:55, Active
129999,1532353496, 2018/7/23 13:44:56, Active
130998,1532353497, 2018/7/23 13:44:57, Active
131999,1532353498, 2018/7/23 13:44:58, Active
132999,1532353499, 2018/7/23 13:44:59, Active
133999,1532353500, 2018/7/23 13:45:0, Active
134999,1532353501, 2018/7/23 13:45:1, Active
135999,1532353502, 2018/7/23 13:45:2, Active
136999,1532353503, 2018/7/23 13:45:3, Active
137999,1532353504, 2018/7/23 13:45:4, Active
138999,1532353505, 2018/7/23 13:45:5, Active
139999,1532353506, 2018/7/23 13:45:6, Active
140999,1532353507, 2018/7/23 13:45:7, Active
142000,1532353508, 2018/7/23 13:45:8, Active
142999,1532353509, 2018/7/23 13:45:9, Active
144000,1532353510, 2018/7/23 13:45:10, Active
144999,1532353511, 2018/7/23 13:45:11, Active
145999,1532353512, 2018/7/23 13:45:12, Active
146999,1532353513, 2018/7/23 13:45:13, Active
147999,1532353514, 2018/7/23 13:45:14, Inactive
148999,1532353515, 2018/7/23 13:45:15, Inactive
149999,1532353516, 2018/7/23 13:45:16, Inactive
150999,1532353517, 2018/7/23 13:45:17, Inactive
151999,1532353518, 2018/7/23 13:45:18, Inactive
152999,1532353519, 2018/7/23 13:45:19, Inactive
153999,1532353520, 2018/7/23 13:45:20, Inactive
154999,1532353521, 2018/7/23 13:45:21, Inactive
155999,1532353522, 2018/7/23 13:45:22, Inactive
156999,1532353523, 2018/7/23 13:45:23, Inactive
157999,1532353524, 2018/7/23 13:45:24, Inactive
158999,1532353525, 2018/7/23 13:45:25, Inactive
160000,1532353526, 2018/7/23 13:45:26, Inactive
160999,1532353527, 2018/7/23 13:45:27, Inactive
161999,1532353528, 2018/7/23 13:45:28, Inactive
162999,1532353529, 2018/7/23 13:45:29, Inactive
163999,1532353530, 2018/7/23 13:45:30, Inactive
164999,1532353531, 2018/7/23 13:45:31, Inactive
165999,1532353532, 2018/7/23 13:45:32, Inactive
166999,1532353533, 2018/7/23 13:45:33, Inactive
167999,1532353534, 2018/7/23 13:45:34, Inactive
168999,1532353535, 2018/7/23 13:45:35, Inactive
169999,1532353536, 2018/7/23 13:45:36, Inactive
170999,1532353537, 2018/7/23 13:45:37, Inactive
171999,1532353538, 2018/7/23 13:45:38, Inactive
172999,1532353539, 2018/7/23 13:45:39, Inactive
174000,1532353540, 2018/7/23 13:45:40, Inactive
174999,1532353541, 2018/7/23 13:45:41, Inactive
176000,1532353542, 2018/7/23 13:45:42, Inactive
176999,1532353543, 2018/7/23 13:45:43, Inactive
177999,1532353544, 2018/7/23 13:45:44, Inactive
178999,1532353545, 2018/7/23 13:45:45, Inactive
179999,1532353546, 2018/7/23 13:45:46, Inactive
181000,1532353547, 2018/7/23 13:45:47, Inactive
181999,1532353548, 2018/7/23 13:45:48, Inactive
182999,1532353549, 2018/7/23 13:45:49, Inactive
183999,1532353550, 2018/7/23 13:45:50, Inactive
184999,1532353551, 2018/7/23 13:45:51, Inactive
185999,1532353552, 2018/7/23 13:45:52, Inactive
186999,1532353553, 2018/7/23 13:45:53, Inactive
187998,1532353554, 2018/7/23 13:45:54, Inactive
188999,1532353555, 2018/7/23 13:45:55, Active
189999,1532353556, 2018/7/23 13:45:56, Active
190999,1532353557, 2018/7/23 13:45:57, Active
192000,1532353558, 2018/7/23 13:45:58, Active
192999,1532353559, 2018/7/23 13:45:59, Active
193998,1532353560, 2018/7/23 13:46:0, Active
194999,1532353561, 2018/7/23 13:46:1, Active
195999,1532353562, 2018/7/23 13:46:2, Active
196999,1532353563, 2018/7/23 13:46:3, Active
197999,1532353564, 2018/7/23 13:46:4, Active
198999,1532353565, 2018/7/23 13:46:5, Active
199999,1532353566, 2018/7/23 13:46:6, Active
200999,1532353567, 2018/7/23 13:46:7, Active
201999,1532353568, 2018/7/23 13:46:8, Active
202999,1532353569, 2018/7/23 13:46:9, Active
203999,1532353570, 2018/7/23 13:46:10, Active
204999,1532353571, 2018/7/23 13:46:11, Active
205999,1532353572, 2018/7/23 13:46:12, Active
206999,1532353573, 2018/7/23 13:46:13, Active
207998,1532353574, 2018/7/23 13:46:14, Active
208999,1532353575, 2018/7/23 13:46:15, Active
209999,1532353576, 2018/7/23 13:46:16, Active
210999,1532353577, 2018/7/23 13:46:17, Active
211998,1532353578, 2018/7/23 13:46:18, Active
212999,1532353579, 2018/7/23 13:46:19, Active
213999,1532353580, 2018/7/23 13:46:20, Active
215000,1532353581, 2018/7/23 13:46:21, Active
215999,1532353582, 2018/7/23 13:46:22, Active
216999,1532353583, 2018/7/23 13:46:23, Active
217999,1532353584, 2018/7/23 13:46:24, Active
218999,1532353585, 2018/7/23 13:46:25, Active
219998,1532353586, 2018/7/23 13:46:26, Active
220999,1532353587, 2018/7/23 13:46:27, Active
221999,1532353588, 2018/7/23 13:46:28, Inactive
222999,1532353589, 2018/7/23 13:46:29, Inactive
224000,1532353590, 2018/7/23 13:46:30, Inactive
224999,1532353591, 2018/7/23 13:46:31, Inactive
225999,1532353592, 2018/7/23 13:46:32, Inactive
226999,1532353593, 2018/7/23 13:46:33, Inactive
227999,1532353594, 2018/7/23 13:46:34, Inactive
228999,1532353595, 2018/7/23 13:46:35, Inactive
229999,1532353596, 2018/7/23 13:46:36, Inactive
230999,1532353597, 2018/7/23 13:46:37, Inactive
231999,1532353598, 2018/7/23 13:46:38, Inactive
232999,1532353599, 2018/7/23 13:46:39, Inactive
233999,1532353600, 2018/7/23 13:46:40, Inactive
234999,1532353601, 2018/7/23 13:46:41, Inactive
235999,1532353602, 2018/7/23 13:46:42, Inactive
236999,1532353603, 2018/7/23 13:46:43, Inactive
237999,1532353604, 2018/7/23 13:46:44, Inactive
238999,1532353605, 2018/7/23 13:46:45, Inactive
240000,1532353606, 2018/7/23 13:46:46, Inactive
240999,1532353607, 2018/7/23 13:46:47, Inactive
241999,1532353608, 2018/7/23 13:46:48, Inactive
242999,1532353609, 2018/7/23 13:46:49, Inactive
243999,1532353610, 2018/7/23 13:46:50, Inactive
244999,1532353611, 2018/7/23 13:46:51, Inactive
245999,1532353612, 2018/7/23 13:46:52, Inactive
247000,1532353613, 2018/7/23 13:46:53, Inactive
247999,1532353614, 2018/7/23 13:46:54, Inactive
248998,1532353615, 2018/7/23 13:46:55, Inactive
249999,1532353616, 2018/7/23 13:46:56, Inactive
250999,1532353617, 2018/7/23 13:46:57, Inactive
251999,1532353618, 2018/7/23 13:46:58, Inactive
252999,1532353619, 2018/7/23 13:46:59, Inactive
254000,1532353620, 2018/7/23 13:47:0, Inactive
254999,1532353621, 2018/7/23 13:47:1, Inactive
255998,1532353622, 2018/7/23 13:47:2, Inactive
256999,1532353623, 2018/7/23 13:47:3, Inactive
257999,1532353624, 2018/7/23 13:47:4, Inactive
258999,1532353625, 2018/7/23 13:47:5, Inactive
259998,1532353626, 2018/7/23 13:47:6, Inactive
260999,1532353627, 2018/7/23 13:47:7, Inactive
261999,1532353628, 2018/7/23 13:47:8, Inactive
262999,1532353629, 2018/7/23 13:47:9, Inactive
263999,1532353630, 2018/7/23 13:47:10, Inactive
264999,1532353631, 2018/7/23 13:47:11, Inactive
266000,1532353632, 2018/7/23 13:47:12, Inactive
266999,1532353633, 2018/7/23 13:47:13, Inactive
267999,1532353634, 2018/7/23 13:47:14, Inactive
268999,1532353635, 2018/7/23 13:47:15, Inactive
270000,1532353636, 2018/7/23 13:47:16, Inactive
270999,1532353637, 2018/7/23 13:47:17, Inactive
272000,1532353638, 2018/7/23 13:47:18, Inactive
272999,1532353639, 2018/7/23 13:47:19, Inactive
273999,1532353640, 2018/7/23 13:47:20, Inactive
274999,1532353641, 2018/7/23 13:47:21, Inactive
275999,1532353642, 2018/7/23 13:47:22, Inactive
277000,1532353643, 2018/7/23 13:47:23, Inactive
277999,1532353644, 2018/7/23 13:47:24, Inactive
278999,1532353645, 2018/7/23 13:47:25, Active
279999,1532353646, 2018/7/23 13:47:26, Active
280999,1532353647, 2018/7/23 13:47:27, Active
281999,1532353648, 2018/7/23 13:47:28, Active
282998,1532353649, 2018/7/23 13:47:29, Active
283999,1532353650, 2018/7/23 13:47:30, Active
284999,1532353651, 2018/7/23 13:47:31, Active
285999,1532353652, 2018/7/23 13:47:32, Active
287000,1532353653, 2018/7/23 13:47:33, Active
288000,1532353654, 2018/7/23 13:47:34, Active
288999,1532353655, 2018/7/23 13:47:35, Active
289999,1532353656, 2018/7/23 13:47:36, Active
290999,1532353657, 2018/7/23 13:47:37, Inactive
291998,1532353658, 2018/7/23 13:47:38, Inactive
292999,1532353659, 2018/7/23 13:47:39, Inactive
293999,1532353660, 2018/7/23 13:47:40, Inactive
294999,1532353661, 2018/7/23 13:47:41, Inactive
295999,1532353662, 2018/7/23 13:47:42, Inactive
296999,1532353663, 2018/7/23 13:47:43, Inactive
297999,1532353664, 2018/7/23 13:47:44, Inactive
298999,1532353665, 2018/7/23 13:47:45, Inactive
300000,1532353666, 2018/7/23 13:47:46, Inactive
300999,1532353667, 2018/7/23 13:47:47, Active
301999,1532353668, 2018/7/23 13:47:48, Active
302999,1532353669, 2018/7/23 13:47:49, Active
304000,1532353670, 2018/7/23 13:47:50, Active
304999,1532353671, 2018/7/23 13:47:51, Active
305998,1532353672, 2018/7/23 13:47:52, Active
306999,1532353673, 2018/7/23 13:47:53, Active
307999,1532353674, 2018/7/23 13:47:54, Active
309000,1532353675, 2018/7/23 13:47:55, Active
309999,1532353676, 2018/7/23 13:47:56, Active
310999,1532353677, 2018/7/23 13:47:57, Active
311999,1532353678, 2018/7/23 13:47:58, Active
312999,1532353679, 2018/7/23 13:47:59, Active
313999,1532353680, 2018/7/23 13:48:0, Active
314998,1532353681, 2018/7/23 13:48:1, Active
315999,1532353682, 2018/7/23 13:48:2, Active
316999,1532353683, 2018/7/23 13:48:3, Active
317999,1532353684, 2018/7/23 13:48:4, Inactive
318999,1532353685, 2018/7/23 13:48:5, Inactive
320000,1532353686, 2018/7/23 13:48:6, Inactive
320999,1532353687, 2018/7/23 13:48:7, Inactive
321999,1532353688, 2018/7/23 13:48:8, Inactive
322999,1532353689, 2018/7/23 13:48:9, Inactive
323999,1532353690, 2018/7/23 13:48:10, Inactive
324999,1532353691, 2018/7/23 13:48:11, Inactive
325999,1532353692, 2018/7/23 13:48:12, Inactive
326999,1532353693, 2018/7/23 13:48:13, Inactive
327999,1532353694, 2018/7/23 13:48:14, Inactive
328999,1532353695, 2018/7/23 13:48:15, Inactive
329999,1532353696, 2018/7/23 13:48:16, Inactive
330999,1532353697, 2018/7/23 13:48:17, Inactive
331999,1532353698, 2018/7/23 13:48:18, Inactive
332999,1532353699, 2018/7/23 13:48:19, Inactive
334000,1532353700, 2018/7/23 13:48:20, Inactive
334999,1532353701, 2018/7/23 13:48:21, Inactive
336000,1532353702, 2018/7/23 13:48:22, Inactive
336998,1532353703, 2018/7/23 13:48:23, Active
337999,1532353704, 2018/7/23 13:48:24, Active
338999,1532353705, 2018/7/23 13:48:25, Active
339999,1532353706, 2018/7/23 13:48:26, Active
340999,1532353707, 2018/7/23 13:48:27, Active
341999,1532353708, 2018/7/23 13:48:28, Active
342999,1532353709, 2018/7/23 13:48:29, Active
343999,1532353710, 2018/7/23 13:48:30, Active
344999,1532353711, 2018/7/23 13:48:31, Active
345999,1532353712, 2018/7/23 13:48:32, Active
346999,1532353713, 2018/7/23 13:48:33, Active
347999,1532353714, 2018/7/23 13:48:34, Inactive
348999,1532353715, 2018/7/23 13:48:35, Inactive
350000,1532353716, 2018/7/23 13:48:36, Inactive
350999,1532353717, 2018/7/23 13:48:37, Inactive
352000,1532353718, 2018/7/23 13:48:38, Inactive
352999,1532353719, 2018/7/23 13:48:39, Inactive
353999,1532353720, 2018/7/23 13:48:40, Inactive
354999,1532353721, 2018/7/23 13:48:41, Inactive
